{
  "rain_sum_15": 72.15,
  "rain_sum_3": 5.8999999999999995,
  "rain_sum_7": 26.8,
  "rh_mean_15": 79.93333333333334,
  "rh_mean_3": 80.33333333333333,
  "rh_mean_7": 80.14285714285714,
  "soil_moisture_mean_15": 22.36433333333333,
  "soil_moisture_mean_3": 22.901666666666667,
  "soil_moisture_mean_7": 22.72214285714286,
  "soil_temp_mean_15": 24.033333333333335,
  "soil_temp_mean_3": 24.066666666666666,
  "soil_temp_mean_7": 24.057142857142857,
  "sunshine_sum_15": 1347.6645555555556,
  "sunshine_sum_3": 279.1594027777778,
  "sunshine_sum_7": 635.5645277777778
}